contract_id,attachment_count,source_pdfs,source_txts,merged_txt,attachment_errors
10351002,14,10351002_1.pdf;10351002_2.pdf;10351002_3.pdf;10351002_4.pdf;10351002_5.pdf;10351002_6.pdf;10351002_7.pdf;10351002_8.pdf;10351002_9.pdf;10351002_10.pdf;10351002_11.pdf;10351002_12.pdf;10351002_13.pdf;10351002_14.pdf,10351002_1.txt;10351002_2.txt;10351002_3.txt;10351002_4.txt;10351002_5.txt;10351002_6.txt;10351002_7.txt;10351002_8.txt;10351002_9.txt;10351002_10.txt;10351002_11.txt;10351002_12.txt;10351002_13.txt;10351002_14.txt,10351002.txt,
11689058,1,11689058.pdf,11689058.txt,11689058.txt,
11710359,2,11710359_1.pdf;11710359_2.pdf,11710359_1.txt;11710359_2.txt,11710359.txt,
11752864,1,11752864.pdf,11752864.txt,11752864.txt,
11808524,1,11808524.pdf,11808524.txt,11808524.txt,
11811484,2,11811484_1.pdf;11811484_2.pdf,11811484_1.txt;11811484_2.txt,11811484.txt,
11816434,1,11816434.pdf,11816434.txt,11816434.txt,
11817537,2,11817537_1.pdf;11817537_2.pdf,11817537_1.txt;11817537_2.txt,11817537.txt,
11817556,1,11817556.pdf,11817556.txt,11817556.txt,
11817558,3,11817558_1.pdf;11817558_2.pdf;11817558_3.pdf,11817558_1.txt;11817558_2.txt;11817558_3.txt,11817558.txt,
11817562,1,11817562.pdf,11817562.txt,11817562.txt,
11817564,1,11817564.pdf,11817564.txt,11817564.txt,
11817566,1,11817566.pdf,11817566.txt,11817566.txt,
11817568,1,11817568.pdf,11817568.txt,11817568.txt,
11817570,1,11817570.pdf,11817570.txt,11817570.txt,
11817572,1,11817572.pdf,11817572.txt,11817572.txt,
11817574,1,11817574.pdf,11817574.txt,11817574.txt,
11817576,1,11817576.pdf,11817576.txt,11817576.txt,
11817578,1,11817578.pdf,11817578.txt,11817578.txt,
11817580,1,11817580.pdf,11817580.txt,11817580.txt,
11817582,1,11817582.pdf,11817582.txt,11817582.txt,
11817584,1,11817584.pdf,11817584.txt,11817584.txt,
11817586,1,11817586.pdf,11817586.txt,11817586.txt,
11817588,1,11817588.pdf,11817588.txt,11817588.txt,
11817590,1,11817590.pdf,11817590.txt,11817590.txt,
11817592,2,11817592_1.pdf;11817592_2.pdf,11817592_1.txt;11817592_2.txt,11817592.txt,
11817594,1,11817594.pdf,11817594.txt,11817594.txt,
11817598,1,11817598.pdf,11817598.txt,11817598.txt,
11817601,1,11817601.pdf,11817601.txt,11817601.txt,
11817603,1,11817603.pdf,11817603.txt,11817603.txt,
11817605,2,11817605_1.pdf;11817605_2.pdf,11817605_1.txt;11817605_2.txt,11817605.txt,
11817607,2,11817607_1.pdf;11817607_2.pdf,11817607_1.txt;11817607_2.txt,11817607.txt,
11817609,1,11817609.pdf,11817609.txt,11817609.txt,
11817611,1,11817611.pdf,11817611.txt,11817611.txt,
11817613,1,11817613.pdf,11817613.txt,11817613.txt,
11817615,2,11817615_1.pdf;11817615_2.pdf,11817615_1.txt;11817615_2.txt,11817615.txt,
11817617,1,11817617.pdf,11817617.txt,11817617.txt,
11817619,1,11817619.pdf,11817619.txt,11817619.txt,
11817621,1,11817621.pdf,11817621.txt,11817621.txt,
11817623,1,11817623.pdf,11817623.txt,11817623.txt,
11817625,1,11817625.pdf,11817625.txt,11817625.txt,
11817627,1,11817627.pdf,11817627.txt,11817627.txt,
11817629,1,11817629.pdf,11817629.txt,11817629.txt,
11817631,1,11817631.pdf,11817631.txt,11817631.txt,
11817633,1,11817633.pdf,11817633.txt,11817633.txt,
11817635,1,11817635.pdf,11817635.txt,11817635.txt,
11817637,1,11817637.pdf,11817637.txt,11817637.txt,
11817639,1,11817639.pdf,11817639.txt,11817639.txt,
11817641,1,11817641.pdf,11817641.txt,11817641.txt,
11817643,1,11817643.pdf,11817643.txt,11817643.txt,
11817645,1,11817645.pdf,11817645.txt,11817645.txt,
11817647,1,11817647.pdf,11817647.txt,11817647.txt,
11817649,1,11817649.pdf,11817649.txt,11817649.txt,
11817651,1,11817651.pdf,11817651.txt,11817651.txt,
11817653,1,11817653.pdf,11817653.txt,11817653.txt,
11817655,1,11817655.pdf,11817655.txt,11817655.txt,
11817657,1,11817657.pdf,11817657.txt,11817657.txt,
11817659,1,11817659.pdf,11817659.txt,11817659.txt,
11817661,1,11817661.pdf,11817661.txt,11817661.txt,
11817663,1,11817663.pdf,11817663.txt,11817663.txt,
11817665,1,11817665.pdf,11817665.txt,11817665.txt,
11817667,1,11817667.pdf,11817667.txt,11817667.txt,
11817669,1,11817669.pdf,11817669.txt,11817669.txt,
11817671,1,11817671.pdf,11817671.txt,11817671.txt,
11817673,1,11817673.pdf,11817673.txt,11817673.txt,
11817675,1,11817675.pdf,11817675.txt,11817675.txt,
11817677,1,11817677.pdf,11817677.txt,11817677.txt,
11817679,1,11817679.pdf,11817679.txt,11817679.txt,
11817681,1,11817681.pdf,11817681.txt,11817681.txt,
11817683,1,11817683.pdf,11817683.txt,11817683.txt,
11817685,1,11817685.pdf,11817685.txt,11817685.txt,
11817687,1,11817687.pdf,11817687.txt,11817687.txt,
11817689,1,11817689.pdf,11817689.txt,11817689.txt,
11817691,1,11817691.pdf,11817691.txt,11817691.txt,
11817693,1,11817693.pdf,11817693.txt,11817693.txt,
11817695,1,11817695.pdf,11817695.txt,11817695.txt,
11817697,1,11817697.pdf,11817697.txt,11817697.txt,
11817699,1,11817699.pdf,11817699.txt,11817699.txt,
11817701,1,11817701.pdf,11817701.txt,11817701.txt,
11817703,1,11817703.pdf,11817703.txt,11817703.txt,
11817705,1,11817705.pdf,11817705.txt,11817705.txt,
11817707,1,11817707.pdf,11817707.txt,11817707.txt,
11817709,1,11817709.pdf,11817709.txt,11817709.txt,
11817711,1,11817711.pdf,11817711.txt,11817711.txt,
11817713,1,11817713.pdf,11817713.txt,11817713.txt,
11817715,1,11817715.pdf,11817715.txt,11817715.txt,
11817717,1,11817717.pdf,11817717.txt,11817717.txt,
11817719,1,11817719.pdf,11817719.txt,11817719.txt,
11817723,1,11817723.pdf,11817723.txt,11817723.txt,
11817727,4,11817727_1.pdf;11817727_2.pdf;11817727_3.pdf;11817727_4.pdf,11817727_1.txt;11817727_2.txt;11817727_3.txt;11817727_4.txt,11817727.txt,
11817731,2,11817731_1.pdf;11817731_2.pdf,11817731_1.txt;11817731_2.txt,11817731.txt,
11817733,1,11817733.pdf,11817733.txt,11817733.txt,
11817735,1,11817735.pdf,11817735.txt,11817735.txt,
11817737,1,11817737.pdf,11817737.txt,11817737.txt,
11817738,1,11817738.pdf,11817738.txt,11817738.txt,
11817741,1,11817741.pdf,11817741.txt,11817741.txt,
11817743,1,11817743.pdf,11817743.txt,11817743.txt,
11817745,1,11817745.pdf,11817745.txt,11817745.txt,
11817750,1,11817750.pdf,11817750.txt,11817750.txt,
11817752,1,11817752.pdf,11817752.txt,11817752.txt,
11817755,1,11817755.pdf,11817755.txt,11817755.txt,
11817757,1,11817757.pdf,11817757.txt,11817757.txt,
11817759,1,11817759.pdf,11817759.txt,11817759.txt,
11817761,1,11817761.pdf,11817761.txt,11817761.txt,
11817763,1,11817763.pdf,11817763.txt,11817763.txt,
11817765,2,11817765_1.pdf;11817765_2.pdf,11817765_1.txt;11817765_2.txt,11817765.txt,
11817771,1,11817771.pdf,11817771.txt,11817771.txt,
11817773,1,11817773.pdf,11817773.txt,11817773.txt,
11817776,1,11817776.pdf,11817776.txt,11817776.txt,
11817779,1,11817779.pdf,11817779.txt,11817779.txt,
11817781,2,11817781_1.pdf;11817781_2.pdf,11817781_1.txt;11817781_2.txt,11817781.txt,
11817783,1,11817783.pdf,11817783.txt,11817783.txt,
11817785,1,11817785.pdf,11817785.txt,11817785.txt,
11817787,2,11817787_1.pdf;11817787_2.pdf,11817787_1.txt;11817787_2.txt,11817787.txt,
11817788,2,11817788_1.pdf;11817788_2.pdf,11817788_1.txt;11817788_2.txt,11817788.txt,
11817791,1,11817791.pdf,11817791.txt,11817791.txt,
11817792,1,11817792.pdf,11817792.txt,11817792.txt,
11817794,2,11817794_1.pdf;11817794_2.pdf,11817794_1.txt;11817794_2.txt,11817794.txt,
11817796,1,11817796.pdf,11817796.txt,11817796.txt,
11817798,1,11817798_2.pdf,11817798_2.txt,11817798.txt,
11817801,1,11817801.pdf,11817801.txt,11817801.txt,
11817802,2,11817802_1.pdf;11817802_2.pdf,11817802_1.txt;11817802_2.txt,11817802.txt,
11817806,1,11817806.pdf,11817806.txt,11817806.txt,
11817808,2,11817808_1.pdf;11817808_2.pdf,11817808_1.txt;11817808_2.txt,11817808.txt,
11817810,2,11817810_1.pdf;11817810_2.pdf,11817810_1.txt;11817810_2.txt,11817810.txt,
11817813,1,11817813.pdf,11817813.txt,11817813.txt,
11817817,3,11817817_1.pdf;11817817_2.pdf;11817817_3.pdf,11817817_1.txt;11817817_2.txt;11817817_3.txt,11817817.txt,
11817820,1,11817820.pdf,11817820.txt,11817820.txt,
11817821,1,11817821.pdf,11817821.txt,11817821.txt,
11817822,2,11817822_1.pdf;11817822_2.pdf,11817822_1.txt;11817822_2.txt,11817822.txt,
11817824,1,11817824.pdf,11817824.txt,11817824.txt,
11817829,2,11817829_1.pdf;11817829_2.pdf,11817829_1.txt;11817829_2.txt,11817829.txt,
11817832,1,11817832.pdf,11817832.txt,11817832.txt,
11817834,1,11817834.pdf,11817834.txt,11817834.txt,
11817836,2,11817836_1.pdf;11817836_2.pdf,11817836_1.txt;11817836_2.txt,11817836.txt,
11817841,2,11817841_1.pdf;11817841_2.pdf,11817841_1.txt;11817841_2.txt,11817841.txt,
11817843,1,11817843.pdf,11817843.txt,11817843.txt,
11817845,2,11817845_1.pdf;11817845_2.pdf,11817845_1.txt;11817845_2.txt,11817845.txt,
11817848,1,11817848.pdf,11817848.txt,11817848.txt,
11817849,1,11817849.pdf,11817849.txt,11817849.txt,
11817851,1,11817851.pdf,11817851.txt,11817851.txt,
11817853,1,11817853.pdf,11817853.txt,11817853.txt,
11817855,1,11817855.pdf,11817855.txt,11817855.txt,
11817858,2,11817858_1.pdf;11817858_2.pdf,11817858_1.txt;11817858_2.txt,11817858.txt,
11817861,1,11817861.pdf,11817861.txt,11817861.txt,
11817862,1,11817862.pdf,11817862.txt,11817862.txt,
11817865,1,11817865.pdf,11817865.txt,11817865.txt,
11817866,1,11817866.pdf,11817866.txt,11817866.txt,
11817868,1,11817868.pdf,11817868.txt,11817868.txt,
11817871,1,11817871.pdf,11817871.txt,11817871.txt,
11817872,1,11817872.pdf,11817872.txt,11817872.txt,
11817873,4,11817873_1.pdf;11817873_2.pdf;11817873_3.pdf;11817873_4.pdf,11817873_1.txt;11817873_2.txt;11817873_3.txt;11817873_4.txt,11817873.txt,
11817875,1,11817875.pdf,11817875.txt,11817875.txt,
11817879,1,11817879.pdf,11817879.txt,11817879.txt,
11817883,1,11817883.pdf,11817883.txt,11817883.txt,
11817884,1,11817884.pdf,11817884.txt,11817884.txt,
11817887,1,11817887.pdf,11817887.txt,11817887.txt,
11817889,2,11817889_1.pdf;11817889_2.pdf,11817889_1.txt;11817889_2.txt,11817889.txt,
11817892,2,11817892_1.pdf;11817892_2.pdf,11817892_1.txt;11817892_2.txt,11817892.txt,
11817895,2,11817895_1.pdf;11817895_2.pdf,11817895_1.txt;11817895_2.txt,11817895.txt,
11817898,2,11817898_1.pdf;11817898_2.pdf,11817898_1.txt;11817898_2.txt,11817898.txt,
11817901,2,11817901_1.pdf;11817901_2.pdf,11817901_1.txt;11817901_2.txt,11817901.txt,
11817904,2,11817904_1.pdf;11817904_2.pdf,11817904_1.txt;11817904_2.txt,11817904.txt,
11817907,1,11817907.pdf,11817907.txt,11817907.txt,
11817909,1,11817909.pdf,11817909.txt,11817909.txt,
11817911,1,11817911.pdf,11817911.txt,11817911.txt,
11817912,1,11817912.pdf,11817912.txt,11817912.txt,
11817914,1,11817914.pdf,11817914.txt,11817914.txt,
11817916,1,11817916.pdf,11817916.txt,11817916.txt,
11817919,2,11817919_1.pdf;11817919_2.pdf,11817919_1.txt;11817919_2.txt,11817919.txt,
11817920,1,11817920.pdf,11817920.txt,11817920.txt,
11817922,1,11817922.pdf,11817922.txt,11817922.txt,
11817925,1,11817925.pdf,11817925.txt,11817925.txt,
11817927,1,11817927.pdf,11817927.txt,11817927.txt,
11817929,1,11817929.pdf,11817929.txt,11817929.txt,
11817931,1,11817931.pdf,11817931.txt,11817931.txt,
11817933,1,11817933.pdf,11817933.txt,11817933.txt,
11817934,1,11817934.pdf,11817934.txt,11817934.txt,
11817936,1,11817936.pdf,11817936.txt,11817936.txt,
11817938,1,11817938.pdf,11817938.txt,11817938.txt,
11817941,1,11817941.pdf,11817941.txt,11817941.txt,
11817942,1,11817942.pdf,11817942.txt,11817942.txt,
11817945,1,11817945.pdf,11817945.txt,11817945.txt,
11817947,1,11817947.pdf,11817947.txt,11817947.txt,
11817949,1,11817949.pdf,11817949.txt,11817949.txt,
11817951,1,11817951.pdf,11817951.txt,11817951.txt,
11817953,1,11817953.pdf,11817953.txt,11817953.txt,
11817955,1,11817955.pdf,11817955.txt,11817955.txt,
11817957,1,11817957.pdf,11817957.txt,11817957.txt,
11817959,1,11817959.pdf,11817959.txt,11817959.txt,
11817961,1,11817961.pdf,11817961.txt,11817961.txt,
11817963,2,11817963_1.pdf;11817963_2.pdf,11817963_1.txt;11817963_2.txt,11817963.txt,
11817966,1,11817966.pdf,11817966.txt,11817966.txt,
11817969,1,11817969.pdf,11817969.txt,11817969.txt,
11817972,1,11817972.pdf,11817972.txt,11817972.txt,
11817973,1,11817973.pdf,11817973.txt,11817973.txt,
11817977,2,11817977_1.pdf;11817977_2.pdf,11817977_1.txt;11817977_2.txt,11817977.txt,
11817978,1,11817978.pdf,11817978.txt,11817978.txt,
11817980,1,11817980.pdf,11817980.txt,11817980.txt,
11817982,1,11817982.pdf,11817982.txt,11817982.txt,
11817984,2,11817984_1.pdf;11817984_2.pdf,11817984_1.txt;11817984_2.txt,11817984.txt,
11817987,2,11817987_1.pdf;11817987_2.pdf,11817987_1.txt;11817987_2.txt,11817987.txt,
11817989,2,11817989_1.pdf;11817989_2.pdf,11817989_1.txt;11817989_2.txt,11817989.txt,
11817990,2,11817990_1.pdf;11817990_2.pdf,11817990_1.txt;11817990_2.txt,11817990.txt,
11817991,1,11817991.pdf,11817991.txt,11817991.txt,
11817994,2,11817994_1.pdf;11817994_2.pdf,11817994_1.txt;11817994_2.txt,11817994.txt,
11817997,1,11817997.pdf,11817997.txt,11817997.txt,
11818001,1,11818001.pdf,11818001.txt,11818001.txt,
11818002,1,11818002.pdf,11818002.txt,11818002.txt,
11818004,1,11818004.pdf,11818004.txt,11818004.txt,
11818005,2,11818005_1.pdf;11818005_2.pdf,11818005_1.txt;11818005_2.txt,11818005.txt,
11818008,2,11818008_1.pdf;11818008_2.pdf,11818008_1.txt;11818008_2.txt,11818008.txt,
11818011,2,11818011_1.pdf;11818011_2.pdf,11818011_1.txt;11818011_2.txt,11818011.txt,
11818013,1,11818013.pdf,11818013.txt,11818013.txt,
11818015,1,11818015.pdf,11818015.txt,11818015.txt,
11818017,1,11818017.pdf,11818017.txt,11818017.txt,
11818019,1,11818019.pdf,11818019.txt,11818019.txt,
11818022,1,11818022.pdf,11818022.txt,11818022.txt,
11818024,2,11818024_1.pdf;11818024_2.pdf,11818024_1.txt;11818024_2.txt,11818024.txt,
11818025,2,11818025_1.pdf;11818025_2.pdf,11818025_1.txt;11818025_2.txt,11818025.txt,
11818027,1,11818027.pdf,11818027.txt,11818027.txt,
11818028,2,11818028_1.pdf;11818028_2.pdf,11818028_1.txt;11818028_2.txt,11818028.txt,
11818036,2,11818036_1.pdf;11818036_2.pdf,11818036_1.txt;11818036_2.txt,11818036.txt,
11818038,6,11818038_1.pdf;11818038_2.pdf;11818038_3.pdf;11818038_4.pdf;11818038_5.pdf;11818038_6.pdf,11818038_1.txt;11818038_2.txt;11818038_3.txt;11818038_4.txt;11818038_5.txt;11818038_6.txt,11818038.txt,
11818041,1,11818041.pdf,11818041.txt,11818041.txt,
11818043,1,11818043.pdf,11818043.txt,11818043.txt,
11818045,1,11818045.pdf,11818045.txt,11818045.txt,
11818047,2,11818047_1.pdf;11818047_2.pdf,11818047_1.txt;11818047_2.txt,11818047.txt,
11818052,2,11818052_1.pdf;11818052_2.pdf,11818052_1.txt;11818052_2.txt,11818052.txt,
11818054,1,11818054.pdf,11818054.txt,11818054.txt,
11818058,1,11818058.pdf,11818058.txt,11818058.txt,
11818065,2,11818065_1.pdf;11818065_2.pdf,11818065_1.txt;11818065_2.txt,11818065.txt,
11818066,1,11818066.pdf,11818066.txt,11818066.txt,
11818068,1,11818068.pdf,11818068.txt,11818068.txt,
11818070,1,11818070.pdf,11818070.txt,11818070.txt,
11818072,1,11818072.pdf,11818072.txt,11818072.txt,
11818074,1,11818074.pdf,11818074.txt,11818074.txt,
11818076,2,11818076_1.pdf;11818076_2.pdf,11818076_1.txt;11818076_2.txt,11818076.txt,
11818081,1,11818081.pdf,11818081.txt,11818081.txt,
11818082,2,11818082_1.pdf;11818082_2.pdf,11818082_1.txt;11818082_2.txt,11818082.txt,
11818090,2,11818090_1.pdf;11818090_2.pdf,11818090_1.txt;11818090_2.txt,11818090.txt,
11818091,2,11818091_1.pdf;11818091_2.pdf,11818091_1.txt;11818091_2.txt,11818091.txt,
11818093,1,11818093.pdf,11818093.txt,11818093.txt,
11818095,1,11818095.pdf,11818095.txt,11818095.txt,
11818097,1,11818097.pdf,11818097.txt,11818097.txt,
11818099,2,11818099_1.pdf;11818099_2.pdf,11818099_1.txt;11818099_2.txt,11818099.txt,
11818102,4,11818102_1.pdf;11818102_2.pdf;11818102_3.pdf;11818102_4.pdf,11818102_1.txt;11818102_2.txt;11818102_3.txt;11818102_4.txt,11818102.txt,
11818108,1,11818108_1.pdf,11818108_1.txt,11818108.txt,
11818110,2,11818110_1.pdf;11818110_2.pdf,11818110_1.txt;11818110_2.txt,11818110.txt,
11818112,2,11818112_1.pdf;11818112_2.pdf,11818112_1.txt;11818112_2.txt,11818112.txt,
11818116,1,11818116.pdf,11818116.txt,11818116.txt,
11818120,1,11818120.pdf,11818120.txt,11818120.txt,
11818122,2,11818122_1.pdf;11818122_2.pdf,11818122_1.txt;11818122_2.txt,11818122.txt,
11818126,1,11818126.pdf,11818126.txt,11818126.txt,
11818128,1,11818128.pdf,11818128.txt,11818128.txt,
11818129,1,11818129.pdf,11818129.txt,11818129.txt,
11818133,1,11818133.pdf,11818133.txt,11818133.txt,
11818134,1,11818134.pdf,11818134.txt,11818134.txt,
11818136,1,11818136.pdf,11818136.txt,11818136.txt,
11818138,1,11818138.pdf,11818138.txt,11818138.txt,
11818141,1,11818141.pdf,11818141.txt,11818141.txt,
11818144,1,11818144.pdf,11818144.txt,11818144.txt,
11818148,2,11818148_1.pdf;11818148_2.pdf,11818148_1.txt;11818148_2.txt,11818148.txt,
11818149,2,11818149_1.pdf;11818149_2.pdf,11818149_1.txt;11818149_2.txt,11818149.txt,
11818150,1,11818150.pdf,11818150.txt,11818150.txt,
11818151,3,11818151_1.pdf;11818151_2.pdf;11818151_3.pdf,11818151_1.txt;11818151_2.txt;11818151_3.txt,11818151.txt,
11818153,1,11818153.pdf,11818153.txt,11818153.txt,
11818157,1,11818157.pdf,11818157.txt,11818157.txt,
11818158,1,11818158.pdf,11818158.txt,11818158.txt,
11818161,2,11818161_2.pdf;11818161_3.pdf,11818161_2.txt;11818161_3.txt,11818161.txt,
11818164,2,11818164_1.pdf;11818164_2.pdf,11818164_1.txt;11818164_2.txt,11818164.txt,
11818165,1,11818165.pdf,11818165.txt,11818165.txt,
11818166,1,11818166.pdf,11818166.txt,11818166.txt,
11818177,1,11818177.pdf,11818177.txt,11818177.txt,
11818179,1,11818179.pdf,11818179.txt,11818179.txt,
11818183,1,11818183.pdf,11818183.txt,11818183.txt,
11818185,1,11818185.pdf,11818185.txt,11818185.txt,
11818188,1,11818188.pdf,11818188.txt,11818188.txt,
11818192,1,11818192.pdf,11818192.txt,11818192.txt,
11818195,1,11818195.pdf,11818195.txt,11818195.txt,
11818197,1,11818197.pdf,11818197.txt,11818197.txt,
11818200,1,11818200.pdf,11818200.txt,11818200.txt,
11818202,1,11818202.pdf,11818202.txt,11818202.txt,
11818203,1,11818203.pdf,11818203.txt,11818203.txt,
11818206,2,11818206_1.pdf;11818206_2.pdf,11818206_1.txt;11818206_2.txt,11818206.txt,
11818207,1,11818207.pdf,11818207.txt,11818207.txt,
11818209,1,11818209.pdf,11818209.txt,11818209.txt,
11818211,1,11818211.pdf,11818211.txt,11818211.txt,
11818215,1,11818215.pdf,11818215.txt,11818215.txt,
11818221,1,11818221.pdf,11818221.txt,11818221.txt,
11818223,2,11818223_1.pdf;11818223_2.pdf,11818223_1.txt;11818223_2.txt,11818223.txt,
11818225,1,11818225.pdf,11818225.txt,11818225.txt,
11818227,1,11818227.pdf,11818227.txt,11818227.txt,
11818229,1,11818229.pdf,11818229.txt,11818229.txt,
11818231,1,11818231.pdf,11818231.txt,11818231.txt,
11818233,1,11818233.pdf,11818233.txt,11818233.txt,
11818235,1,11818235.pdf,11818235.txt,11818235.txt,
11818236,1,11818236.pdf,11818236.txt,11818236.txt,
11818238,2,11818238_1.pdf;11818238_2.pdf,11818238_1.txt;11818238_2.txt,11818238.txt,
11818240,2,11818240_1.pdf;11818240_2.pdf,11818240_1.txt;11818240_2.txt,11818240.txt,
11818243,1,11818243.pdf,11818243.txt,11818243.txt,
11818245,6,11818245_1.pdf;11818245_2.pdf;11818245_3.pdf;11818245_4.pdf;11818245_5.pdf;11818245_6.pdf,11818245_1.txt;11818245_2.txt;11818245_3.txt;11818245_4.txt;11818245_5.txt;11818245_6.txt,11818245.txt,
11818246,2,11818246_1.pdf;11818246_2.pdf,11818246_1.txt;11818246_2.txt,11818246.txt,
11818251,1,11818251.pdf,11818251.txt,11818251.txt,
11818257,1,11818257.pdf,11818257.txt,11818257.txt,
11818258,1,11818258.pdf,11818258.txt,11818258.txt,
11818260,1,11818260.pdf,11818260.txt,11818260.txt,
11818261,1,11818261.pdf,11818261.txt,11818261.txt,
11818262,1,11818262.pdf,11818262.txt,11818262.txt,
11818265,1,11818265.pdf,11818265.txt,11818265.txt,
11818269,1,11818269.pdf,11818269.txt,11818269.txt,
11818271,1,11818271.pdf,11818271.txt,11818271.txt,
11818273,1,11818273.pdf,11818273.txt,11818273.txt,
11818275,1,11818275.pdf,11818275.txt,11818275.txt,
11818277,2,11818277_1.pdf;11818277_2.pdf,11818277_1.txt;11818277_2.txt,11818277.txt,
11818278,2,11818278_1.pdf;11818278_2.pdf,11818278_1.txt;11818278_2.txt,11818278.txt,
11818281,1,11818281.pdf,11818281.txt,11818281.txt,
11818282,2,11818282_1.pdf;11818282_2.pdf,11818282_1.txt;11818282_2.txt,11818282.txt,
11818283,1,11818283.pdf,11818283.txt,11818283.txt,
11818285,2,11818285_1.pdf;11818285_2.pdf,11818285_1.txt;11818285_2.txt,11818285.txt,
11818289,1,11818289.pdf,11818289.txt,11818289.txt,
11818291,1,11818291.pdf,11818291.txt,11818291.txt,
11818293,1,11818293.pdf,11818293.txt,11818293.txt,
11818295,1,11818295.pdf,11818295.txt,11818295.txt,
11818297,2,11818297_1.pdf;11818297_2.pdf,11818297_1.txt;11818297_2.txt,11818297.txt,
11818299,2,11818299_1.pdf;11818299_2.pdf,11818299_1.txt;11818299_2.txt,11818299.txt,
11818301,1,11818301.pdf,11818301.txt,11818301.txt,
11818304,1,11818304.pdf,11818304.txt,11818304.txt,
11818305,1,11818305.pdf,11818305.txt,11818305.txt,
11818306,1,11818306.pdf,11818306.txt,11818306.txt,
11818312,1,11818312.pdf,11818312.txt,11818312.txt,
11818314,1,11818314.pdf,11818314.txt,11818314.txt,
11818317,1,11818317.pdf,11818317.txt,11818317.txt,
11818320,1,11818320.pdf,11818320.txt,11818320.txt,
11818324,2,11818324_1.pdf;11818324_2.pdf,11818324_1.txt;11818324_2.txt,11818324.txt,
11818325,1,11818325.pdf,11818325.txt,11818325.txt,
11818328,1,11818328.pdf,11818328.txt,11818328.txt,
11818331,2,11818331_1.pdf;11818331_2.pdf,11818331_1.txt;11818331_2.txt,11818331.txt,
11818333,2,11818333_1.pdf;11818333_2.pdf,11818333_1.txt;11818333_2.txt,11818333.txt,
11818334,2,11818334_1.pdf;11818334_2.pdf,11818334_1.txt;11818334_2.txt,11818334.txt,
11818340,1,11818340.pdf,11818340.txt,11818340.txt,
11818341,1,11818341.pdf,11818341.txt,11818341.txt,
11818344,1,11818344.pdf,11818344.txt,11818344.txt,
11818346,1,11818346.pdf,11818346.txt,11818346.txt,
11818348,1,11818348.pdf,11818348.txt,11818348.txt,
11818350,1,11818350.pdf,11818350.txt,11818350.txt,
11818352,1,11818352.pdf,11818352.txt,11818352.txt,
11818354,1,11818354.pdf,11818354.txt,11818354.txt,
11818356,1,11818356.pdf,11818356.txt,11818356.txt,
11818358,1,11818358.pdf,11818358.txt,11818358.txt,
11818360,1,11818360.pdf,11818360.txt,11818360.txt,
11818362,2,11818362_1.pdf;11818362_2.pdf,11818362_1.txt;11818362_2.txt,11818362.txt,
11818364,1,11818364.pdf,11818364.txt,11818364.txt,
11818368,1,11818368.pdf,11818368.txt,11818368.txt,
11818370,1,11818370.pdf,11818370.txt,11818370.txt,
11818372,1,11818372.pdf,11818372.txt,11818372.txt,
11818374,1,11818374.pdf,11818374.txt,11818374.txt,
11818376,1,11818376.pdf,11818376.txt,11818376.txt,
11818378,1,11818378.pdf,11818378.txt,11818378.txt,
11818380,1,11818380.pdf,11818380.txt,11818380.txt,
11818382,1,11818382.pdf,11818382.txt,11818382.txt,
11818383,1,11818383.pdf,11818383.txt,11818383.txt,
11818385,1,11818385.pdf,11818385.txt,11818385.txt,
11818388,1,11818388.pdf,11818388.txt,11818388.txt,
11818389,1,11818389.pdf,11818389.txt,11818389.txt,
11818391,1,11818391.pdf,11818391.txt,11818391.txt,
11818393,1,11818393.pdf,11818393.txt,11818393.txt,
11818395,1,11818395.pdf,11818395.txt,11818395.txt,
11818397,1,11818397.pdf,11818397.txt,11818397.txt,
11818399,1,11818399.pdf,11818399.txt,11818399.txt,
11818401,1,11818401.pdf,11818401.txt,11818401.txt,
11818404,1,11818404.pdf,11818404.txt,11818404.txt,
11818406,1,11818406.pdf,11818406.txt,11818406.txt,
11818408,1,11818408.pdf,11818408.txt,11818408.txt,
11818410,1,11818410.pdf,11818410.txt,11818410.txt,
11818412,1,11818412.pdf,11818412.txt,11818412.txt,
11818414,1,11818414.pdf,11818414.txt,11818414.txt,
11818416,1,11818416.pdf,11818416.txt,11818416.txt,
11818418,1,11818418.pdf,11818418.txt,11818418.txt,
11818419,1,11818419.pdf,11818419.txt,11818419.txt,
11818420,1,11818420.pdf,11818420.txt,11818420.txt,
11818424,1,11818424.pdf,11818424.txt,11818424.txt,
11818426,1,11818426.pdf,11818426.txt,11818426.txt,
11818427,2,11818427_1.pdf;11818427_2.pdf,11818427_1.txt;11818427_2.txt,11818427.txt,
11818430,1,11818430.pdf,11818430.txt,11818430.txt,
11818432,1,11818432.pdf,11818432.txt,11818432.txt,
11818435,1,11818435.pdf,11818435.txt,11818435.txt,
11818437,1,11818437.pdf,11818437.txt,11818437.txt,
11818439,1,11818439.pdf,11818439.txt,11818439.txt,
11818441,1,11818441.pdf,11818441.txt,11818441.txt,
11818444,1,11818444.pdf,11818444.txt,11818444.txt,
11818446,1,11818446.pdf,11818446.txt,11818446.txt,
11818448,1,11818448.pdf,11818448.txt,11818448.txt,
11818450,1,11818450.pdf,11818450.txt,11818450.txt,
11818452,1,11818452.pdf,11818452.txt,11818452.txt,
11818454,1,11818454.pdf,11818454.txt,11818454.txt,
11818456,1,11818456.pdf,11818456.txt,11818456.txt,
11818458,1,11818458.pdf,11818458.txt,11818458.txt,
11818460,1,11818460.pdf,11818460.txt,11818460.txt,
11818462,1,11818462.pdf,11818462.txt,11818462.txt,
11818464,1,11818464.pdf,11818464.txt,11818464.txt,
11818466,1,11818466.pdf,11818466.txt,11818466.txt,
11818468,1,11818468.pdf,11818468.txt,11818468.txt,
11818470,1,11818470.pdf,11818470.txt,11818470.txt,
11818472,1,11818472.pdf,11818472.txt,11818472.txt,
11818474,1,11818474.pdf,11818474.txt,11818474.txt,
11818476,1,11818476.pdf,11818476.txt,11818476.txt,
11818478,1,11818478.pdf,11818478.txt,11818478.txt,
11818480,1,11818480.pdf,11818480.txt,11818480.txt,
11818482,1,11818482.pdf,11818482.txt,11818482.txt,
11818484,1,11818484.pdf,11818484.txt,11818484.txt,
11818486,1,11818486.pdf,11818486.txt,11818486.txt,
11818488,1,11818488.pdf,11818488.txt,11818488.txt,
11818490,1,11818490.pdf,11818490.txt,11818490.txt,
11818492,2,11818492_1.pdf;11818492_2.pdf,11818492_1.txt;11818492_2.txt,11818492.txt,
11818493,2,11818493_1.pdf;11818493_2.pdf,11818493_1.txt;11818493_2.txt,11818493.txt,
11818494,2,11818494_1.pdf;11818494_2.pdf,11818494_1.txt;11818494_2.txt,11818494.txt,
11818498,1,11818498.pdf,11818498.txt,11818498.txt,
11818500,1,11818500.pdf,11818500.txt,11818500.txt,
11818502,1,11818502.pdf,11818502.txt,11818502.txt,
11818505,1,11818505.pdf,11818505.txt,11818505.txt,
11818507,2,11818507_1.pdf;11818507_2.pdf,11818507_1.txt;11818507_2.txt,11818507.txt,
11818508,1,11818508.pdf,11818508.txt,11818508.txt,
11818511,3,11818511_1.pdf;11818511_2.pdf;11818511_3.pdf,11818511_1.txt;11818511_2.txt;11818511_3.txt,11818511.txt,
11818512,1,11818512.pdf,11818512.txt,11818512.txt,
11818514,1,11818514.pdf,11818514.txt,11818514.txt,
11818517,1,11818517.pdf,11818517.txt,11818517.txt,
11818520,1,11818520.pdf,11818520.txt,11818520.txt,
11818522,1,11818522.pdf,11818522.txt,11818522.txt,
11818523,1,11818523.pdf,11818523.txt,11818523.txt,
11818526,1,11818526.pdf,11818526.txt,11818526.txt,
11818527,1,11818527.pdf,11818527.txt,11818527.txt,
11818530,1,11818530.pdf,11818530.txt,11818530.txt,
11818531,1,11818531.pdf,11818531.txt,11818531.txt,
11818534,1,11818534.pdf,11818534.txt,11818534.txt,
11818535,1,11818535.pdf,11818535.txt,11818535.txt,
11818538,1,11818538.pdf,11818538.txt,11818538.txt,
11818539,1,11818539.pdf,11818539.txt,11818539.txt,
11818542,2,11818542_1.pdf;11818542_2.pdf,11818542_1.txt;11818542_2.txt,11818542.txt,
11818543,1,11818543.pdf,11818543.txt,11818543.txt,
11818547,1,11818547.pdf,11818547.txt,11818547.txt,
11818549,1,11818549.pdf,11818549.txt,11818549.txt,
11818551,1,11818551.pdf,11818551.txt,11818551.txt,
11818553,1,11818553.pdf,11818553.txt,11818553.txt,
11818555,1,11818555.pdf,11818555.txt,11818555.txt,
11818556,1,11818556.pdf,11818556.txt,11818556.txt,
11818559,3,11818559_1.pdf;11818559_2.pdf;11818559_3.pdf,11818559_1.txt;11818559_2.txt;11818559_3.txt,11818559.txt,
11818562,1,11818562.pdf,11818562.txt,11818562.txt,
11818565,1,11818565.pdf,11818565.txt,11818565.txt,
11818566,2,11818566_1.pdf;11818566_2.pdf,11818566_1.txt;11818566_2.txt,11818566.txt,
11818567,1,11818567.pdf,11818567.txt,11818567.txt,
11818570,1,11818570.pdf,11818570.txt,11818570.txt,
11818572,1,11818572.pdf,11818572.txt,11818572.txt,
11818574,1,11818574.pdf,11818574.txt,11818574.txt,
11818576,1,11818576.pdf,11818576.txt,11818576.txt,
11818578,1,11818578.pdf,11818578.txt,11818578.txt,
11818580,1,11818580.pdf,11818580.txt,11818580.txt,
11818582,1,11818582.pdf,11818582.txt,11818582.txt,
11818584,1,11818584.pdf,11818584.txt,11818584.txt,
11818586,1,11818586.pdf,11818586.txt,11818586.txt,
11818588,1,11818588.pdf,11818588.txt,11818588.txt,
11818590,1,11818590.pdf,11818590.txt,11818590.txt,
11818592,1,11818592.pdf,11818592.txt,11818592.txt,
11818594,1,11818594.pdf,11818594.txt,11818594.txt,
11818596,1,11818596.pdf,11818596.txt,11818596.txt,
11818598,1,11818598.pdf,11818598.txt,11818598.txt,
11818600,1,11818600.pdf,11818600.txt,11818600.txt,
11818602,1,11818602.pdf,11818602.txt,11818602.txt,
11818604,1,11818604.pdf,11818604.txt,11818604.txt,
11818606,1,11818606.pdf,11818606.txt,11818606.txt,
11818608,1,11818608.pdf,11818608.txt,11818608.txt,
11818610,1,11818610.pdf,11818610.txt,11818610.txt,
11818612,1,11818612.pdf,11818612.txt,11818612.txt,
11818614,1,11818614.pdf,11818614.txt,11818614.txt,
11818616,1,11818616.pdf,11818616.txt,11818616.txt,
11818618,1,11818618.pdf,11818618.txt,11818618.txt,
11818620,4,11818620_1.pdf;11818620_2.pdf;11818620_3.pdf;11818620_4.pdf,11818620_1.txt;11818620_2.txt;11818620_3.txt;11818620_4.txt,11818620.txt,
11818625,1,11818625.pdf,11818625.txt,11818625.txt,
11818627,5,11818627_1.pdf;11818627_2.pdf;11818627_3.pdf;11818627_4.pdf;11818627_5.pdf,11818627_1.txt;11818627_2.txt;11818627_3.txt;11818627_4.txt;11818627_5.txt,11818627.txt,
11818634,2,11818634_1.pdf;11818634_2.pdf,11818634_1.txt;11818634_2.txt,11818634.txt,
11818635,2,11818635_1.pdf;11818635_2.pdf,11818635_1.txt;11818635_2.txt,11818635.txt,
11818637,1,11818637.pdf,11818637.txt,11818637.txt,
11818640,4,11818640_1.pdf;11818640_3.pdf;11818640_4.pdf;11818640_5.pdf,11818640_1.txt;11818640_3.txt;11818640_4.txt;11818640_5.txt,11818640.txt,
11818642,1,11818642.pdf,11818642.txt,11818642.txt,
11818645,2,11818645_1.pdf;11818645_2.pdf,11818645_1.txt;11818645_2.txt,11818645.txt,
11818651,1,11818651.pdf,11818651.txt,11818651.txt,
11818653,1,11818653.pdf,11818653.txt,11818653.txt,
11818655,1,11818655.pdf,11818655.txt,11818655.txt,
11818657,1,11818657.pdf,11818657.txt,11818657.txt,
11818659,1,11818659.pdf,11818659.txt,11818659.txt,
11818661,1,11818661.pdf,11818661.txt,11818661.txt,
11818665,2,11818665_1.pdf;11818665_2.pdf,11818665_1.txt;11818665_2.txt,11818665.txt,
11818668,1,11818668.pdf,11818668.txt,11818668.txt,
11818670,1,11818670.pdf,11818670.txt,11818670.txt,
11818672,1,11818672.pdf,11818672.txt,11818672.txt,
11818674,1,11818674.pdf,11818674.txt,11818674.txt,
11818675,1,11818675.pdf,11818675.txt,11818675.txt,
11818681,1,11818681.pdf,11818681.txt,11818681.txt,
11818683,2,11818683_1.pdf;11818683_2.pdf,11818683_1.txt;11818683_2.txt,11818683.txt,
11818684,1,11818684.pdf,11818684.txt,11818684.txt,
11818686,1,11818686.pdf,11818686.txt,11818686.txt,
11818691,1,11818691.pdf,11818691.txt,11818691.txt,
11818694,2,11818694_1.pdf;11818694_2.pdf,11818694_1.txt;11818694_2.txt,11818694.txt,
11818697,1,11818697.pdf,11818697.txt,11818697.txt,
11818700,1,11818700.pdf,11818700.txt,11818700.txt,
11818703,1,11818703.pdf,11818703.txt,11818703.txt,
11818704,1,11818704.pdf,11818704.txt,11818704.txt,
11818706,1,11818706.pdf,11818706.txt,11818706.txt,
11818708,1,11818708.pdf,11818708.txt,11818708.txt,
11818710,2,11818710_1.pdf;11818710_2.pdf,11818710_1.txt;11818710_2.txt,11818710.txt,
11818714,2,11818714_1.pdf;11818714_2.pdf,11818714_1.txt;11818714_2.txt,11818714.txt,
11818716,1,11818716.pdf,11818716.txt,11818716.txt,
11818718,1,11818718.pdf,11818718.txt,11818718.txt,
11818719,1,11818719.pdf,11818719.txt,11818719.txt,
11818723,1,11818723.pdf,11818723.txt,11818723.txt,
11818725,2,11818725_1.pdf;11818725_2.pdf,11818725_1.txt;11818725_2.txt,11818725.txt,
11818728,1,11818728.pdf,11818728.txt,11818728.txt,
11818730,1,11818730.pdf,11818730.txt,11818730.txt,
11818732,1,11818732.pdf,11818732.txt,11818732.txt,
11818734,1,11818734.pdf,11818734.txt,11818734.txt,
11818736,2,11818736_1.pdf;11818736_2.pdf,11818736_1.txt;11818736_2.txt,11818736.txt,
11818737,1,11818737.pdf,11818737.txt,11818737.txt,
11818738,1,11818738.pdf,11818738.txt,11818738.txt,
11818742,2,11818742_1.pdf;11818742_2.pdf,11818742_1.txt;11818742_2.txt,11818742.txt,
11818744,1,11818744.pdf,11818744.txt,11818744.txt,
11818745,1,11818745.pdf,11818745.txt,11818745.txt,
11818747,1,11818747.pdf,11818747.txt,11818747.txt,
11818750,1,11818750.pdf,11818750.txt,11818750.txt,
11818753,1,11818753.pdf,11818753.txt,11818753.txt,
11818755,2,11818755_1.pdf;11818755_2.pdf,11818755_1.txt;11818755_2.txt,11818755.txt,
11818756,2,11818756_1.pdf;11818756_2.pdf,11818756_1.txt;11818756_2.txt,11818756.txt,
11818758,1,11818758.pdf,11818758.txt,11818758.txt,
11818761,1,11818761.pdf,11818761.txt,11818761.txt,
11818763,1,11818763.pdf,11818763.txt,11818763.txt,
11818764,2,11818764_1.pdf;11818764_2.pdf,11818764_1.txt;11818764_2.txt,11818764.txt,
11818765,1,11818765.pdf,11818765.txt,11818765.txt,
11818769,2,11818769_1.pdf;11818769_2.pdf,11818769_1.txt;11818769_2.txt,11818769.txt,
11818771,1,11818771.pdf,11818771.txt,11818771.txt,
11818773,1,11818773.pdf,11818773.txt,11818773.txt,
11818774,1,11818774.pdf,11818774.txt,11818774.txt,
11818776,1,11818776.pdf,11818776.txt,11818776.txt,
11818777,1,11818777.pdf,11818777.txt,11818777.txt,
11818779,2,11818779_1.pdf;11818779_2.pdf,11818779_1.txt;11818779_2.txt,11818779.txt,
11818784,1,11818784.pdf,11818784.txt,11818784.txt,
11818785,1,11818785.pdf,11818785.txt,11818785.txt,
11818786,1,11818786.pdf,11818786.txt,11818786.txt,
11818788,1,11818788.pdf,11818788.txt,11818788.txt,
11818790,2,11818790_1.pdf;11818790_2.pdf,11818790_1.txt;11818790_2.txt,11818790.txt,
11818793,2,11818793_1.pdf;11818793_2.pdf,11818793_1.txt;11818793_2.txt,11818793.txt,
11818796,1,11818796.pdf,11818796.txt,11818796.txt,
11818798,1,11818798.pdf,11818798.txt,11818798.txt,
11818804,1,11818804.pdf,11818804.txt,11818804.txt,
11818805,1,11818805.pdf,11818805.txt,11818805.txt,
11818807,1,11818807.pdf,11818807.txt,11818807.txt,
11818808,1,11818808.pdf,11818808.txt,11818808.txt,
11818811,2,11818811_1.pdf;11818811_2.pdf,11818811_1.txt;11818811_2.txt,11818811.txt,
11818814,1,11818814.pdf,11818814.txt,11818814.txt,
11818816,1,11818816.pdf,11818816.txt,11818816.txt,
11818818,1,11818818.pdf,11818818.txt,11818818.txt,
11818820,1,11818820.pdf,11818820.txt,11818820.txt,
11818822,1,11818822.pdf,11818822.txt,11818822.txt,
11818824,1,11818824.pdf,11818824.txt,11818824.txt,
11818826,1,11818826.pdf,11818826.txt,11818826.txt,
11818828,1,11818828.pdf,11818828.txt,11818828.txt,
11818830,1,11818830.pdf,11818830.txt,11818830.txt,
11818832,1,11818832.pdf,11818832.txt,11818832.txt,
11818836,2,11818836_1.pdf;11818836_2.pdf,11818836_1.txt;11818836_2.txt,11818836.txt,
11818837,1,11818837.pdf,11818837.txt,11818837.txt,
11818840,1,11818840.pdf,11818840.txt,11818840.txt,
11818842,1,11818842.pdf,11818842.txt,11818842.txt,
11818844,1,11818844.pdf,11818844.txt,11818844.txt,
11818846,2,11818846_1.pdf;11818846_2.pdf,11818846_1.txt;11818846_2.txt,11818846.txt,
11818847,1,11818847.pdf,11818847.txt,11818847.txt,
11818849,1,11818849.pdf,11818849.txt,11818849.txt,
11818850,1,11818850.pdf,11818850.txt,11818850.txt,
11818854,2,11818854_1.pdf;11818854_2.pdf,11818854_1.txt;11818854_2.txt,11818854.txt,
11818855,2,11818855_1.pdf;11818855_2.pdf,11818855_1.txt;11818855_2.txt,11818855.txt,
11818858,1,11818858.pdf,11818858.txt,11818858.txt,
11818860,1,11818860.pdf,11818860.txt,11818860.txt,
11818862,1,11818862.pdf,11818862.txt,11818862.txt,
11818865,2,11818865_1.pdf;11818865_2.pdf,11818865_1.txt;11818865_2.txt,11818865.txt,
11818866,1,11818866.pdf,11818866.txt,11818866.txt,
11818868,2,11818868_1.pdf;11818868_2.pdf,11818868_1.txt;11818868_2.txt,11818868.txt,
11818869,1,11818869.pdf,11818869.txt,11818869.txt,
11818872,1,11818872.pdf,11818872.txt,11818872.txt,
11818874,2,11818874_1.pdf;11818874_2.pdf,11818874_1.txt;11818874_2.txt,11818874.txt,
11818875,5,11818875_1.pdf;11818875_2.pdf;11818875_3.pdf;11818875_4.pdf;11818875_5.pdf,11818875_1.txt;11818875_2.txt;11818875_3.txt;11818875_4.txt;11818875_5.txt,11818875.txt,
11818877,1,11818877.pdf,11818877.txt,11818877.txt,
11818879,1,11818879.pdf,11818879.txt,11818879.txt,
11818881,1,11818881.pdf,11818881.txt,11818881.txt,
11818883,1,11818883.pdf,11818883.txt,11818883.txt,
11818885,1,11818885.pdf,11818885.txt,11818885.txt,
11818887,1,11818887.pdf,11818887.txt,11818887.txt,
11818891,1,11818891.pdf,11818891.txt,11818891.txt,
11818897,1,11818897.pdf,11818897.txt,11818897.txt,
11818900,2,11818900_1.pdf;11818900_2.pdf,11818900_1.txt;11818900_2.txt,11818900.txt,
11818901,2,11818901_1.pdf;11818901_2.pdf,11818901_1.txt;11818901_2.txt,11818901.txt,
11818902,1,11818902.pdf,11818902.txt,11818902.txt,
11818906,2,11818906_1.pdf;11818906_2.pdf,11818906_1.txt;11818906_2.txt,11818906.txt,
11818907,1,11818907.pdf,11818907.txt,11818907.txt,
11818908,1,11818908.pdf,11818908.txt,11818908.txt,
11818913,2,11818913_1.pdf;11818913_2.pdf,11818913_1.txt;11818913_2.txt,11818913.txt,
11818914,2,11818914_1.pdf;11818914_2.pdf,11818914_1.txt;11818914_2.txt,11818914.txt,
11818915,2,11818915_1.pdf;11818915_2.pdf,11818915_1.txt;11818915_2.txt,11818915.txt,
11818916,1,11818916.pdf,11818916.txt,11818916.txt,
11818920,2,11818920_1.pdf;11818920_2.pdf,11818920_1.txt;11818920_2.txt,11818920.txt,
11818921,2,11818921_1.pdf;11818921_2.pdf,11818921_1.txt;11818921_2.txt,11818921.txt,
11818925,1,11818925.pdf,11818925.txt,11818925.txt,
11818927,1,11818927.pdf,11818927.txt,11818927.txt,
11818929,1,11818929.pdf,11818929.txt,11818929.txt,
11818932,2,11818932_1.pdf;11818932_2.pdf,11818932_1.txt;11818932_2.txt,11818932.txt,
11818933,1,11818933.pdf,11818933.txt,11818933.txt,
11818937,1,11818937.pdf,11818937.txt,11818937.txt,
11818940,1,11818940.pdf,11818940.txt,11818940.txt,
11818941,1,11818941.pdf,11818941.txt,11818941.txt,
11818943,1,11818943.pdf,11818943.txt,11818943.txt,
11818946,1,11818946.pdf,11818946.txt,11818946.txt,
11818949,1,11818949.pdf,11818949.txt,11818949.txt,
11818951,1,11818951.pdf,11818951.txt,11818951.txt,
11818954,1,11818954.pdf,11818954.txt,11818954.txt,
11818955,1,11818955.pdf,11818955.txt,11818955.txt,
11818959,1,11818959.pdf,11818959.txt,11818959.txt,
11818961,1,11818961.pdf,11818961.txt,11818961.txt,
11818964,1,11818964.pdf,11818964.txt,11818964.txt,
11818966,1,11818966.pdf,11818966.txt,11818966.txt,
11818968,1,11818968.pdf,11818968.txt,11818968.txt,
11818970,1,11818970.pdf,11818970.txt,11818970.txt,
11818972,2,11818972_1.pdf;11818972_2.pdf,11818972_1.txt;11818972_2.txt,11818972.txt,
11818973,1,11818973.pdf,11818973.txt,11818973.txt,
11818977,1,11818977.pdf,11818977.txt,11818977.txt,
11818978,1,11818978.pdf,11818978.txt,11818978.txt,
11818983,1,11818983.pdf,11818983.txt,11818983.txt,
11818985,1,11818985.pdf,11818985.txt,11818985.txt,
11818987,1,11818987.pdf,11818987.txt,11818987.txt,
11818988,1,11818988.pdf,11818988.txt,11818988.txt,
11818991,1,11818991.pdf,11818991.txt,11818991.txt,
11818993,1,11818993.pdf,11818993.txt,11818993.txt,
11818995,1,11818995.pdf,11818995.txt,11818995.txt,
11818997,1,11818997.pdf,11818997.txt,11818997.txt,
11819000,1,11819000.pdf,11819000.txt,11819000.txt,
11819001,1,11819001.pdf,11819001.txt,11819001.txt,
11819004,1,11819004.pdf,11819004.txt,11819004.txt,
11819005,1,11819005.pdf,11819005.txt,11819005.txt,
11819006,1,11819006.pdf,11819006.txt,11819006.txt,
11819009,1,11819009.pdf,11819009.txt,11819009.txt,
11819012,2,11819012_1.pdf;11819012_2.pdf,11819012_1.txt;11819012_2.txt,11819012.txt,
11819017,1,11819017.pdf,11819017.txt,11819017.txt,
11819019,1,11819019.pdf,11819019.txt,11819019.txt,
11819021,1,11819021.pdf,11819021.txt,11819021.txt,
11819022,1,11819022.pdf,11819022.txt,11819022.txt,
11819026,1,11819026.pdf,11819026.txt,11819026.txt,
11819028,1,11819028.pdf,11819028.txt,11819028.txt,
11819032,1,11819032.pdf,11819032.txt,11819032.txt,
11819037,1,11819037.pdf,11819037.txt,11819037.txt,
11819039,1,11819039.pdf,11819039.txt,11819039.txt,
11819041,1,11819041.pdf,11819041.txt,11819041.txt,
11819043,1,11819043.pdf,11819043.txt,11819043.txt,
11819045,1,11819045.pdf,11819045.txt,11819045.txt,
11819047,1,11819047.pdf,11819047.txt,11819047.txt,
11819049,1,11819049.pdf,11819049.txt,11819049.txt,
11819051,1,11819051.pdf,11819051.txt,11819051.txt,
11819053,1,11819053.pdf,11819053.txt,11819053.txt,
11819055,1,11819055.pdf,11819055.txt,11819055.txt,
11819057,1,11819057.pdf,11819057.txt,11819057.txt,
11819061,1,11819061.pdf,11819061.txt,11819061.txt,
11819064,1,11819064.pdf,11819064.txt,11819064.txt,
11819066,1,11819066.pdf,11819066.txt,11819066.txt,
11819067,1,11819067.pdf,11819067.txt,11819067.txt,
11819071,1,11819071.pdf,11819071.txt,11819071.txt,
11819073,1,11819073.pdf,11819073.txt,11819073.txt,
11819075,1,11819075.pdf,11819075.txt,11819075.txt,
11819078,1,11819078.pdf,11819078.txt,11819078.txt,
11819081,1,11819081.pdf,11819081.txt,11819081.txt,
11819084,1,11819084.pdf,11819084.txt,11819084.txt,
11819086,1,11819086.pdf,11819086.txt,11819086.txt,
11819090,1,11819090.pdf,11819090.txt,11819090.txt,
11819092,1,11819092.pdf,11819092.txt,11819092.txt,
11819094,2,11819094_1.pdf;11819094_2.pdf,11819094_1.txt;11819094_2.txt,11819094.txt,
11819098,1,11819098.pdf,11819098.txt,11819098.txt,
11819099,1,11819099.pdf,11819099.txt,11819099.txt,
11819102,1,11819102.pdf,11819102.txt,11819102.txt,
11819105,1,11819105.pdf,11819105.txt,11819105.txt,
11819109,2,11819109_1.pdf;11819109_2.pdf,11819109_1.txt;11819109_2.txt,11819109.txt,
11819112,4,11819112_1.pdf;11819112_2.pdf;11819112_3.pdf;11819112_4.pdf,11819112_1.txt;11819112_2.txt;11819112_3.txt;11819112_4.txt,11819112.txt,
11819114,2,11819114_1.pdf;11819114_2.pdf,11819114_1.txt;11819114_2.txt,11819114.txt,
11819115,1,11819115.pdf,11819115.txt,11819115.txt,
11819117,1,11819117.pdf,11819117.txt,11819117.txt,
11819119,1,11819119.pdf,11819119.txt,11819119.txt,
11819128,1,11819128.pdf,11819128.txt,11819128.txt,
11819132,2,11819132_1.pdf;11819132_2.pdf,11819132_1.txt;11819132_2.txt,11819132.txt,
11819136,1,11819136.pdf,11819136.txt,11819136.txt,
11819138,1,11819138.pdf,11819138.txt,11819138.txt,
11819140,1,11819140.pdf,11819140.txt,11819140.txt,
11819142,1,11819142.pdf,11819142.txt,11819142.txt,
11819144,1,11819144.pdf,11819144.txt,11819144.txt,
11819146,1,11819146.pdf,11819146.txt,11819146.txt,
11819148,4,11819148_1.pdf;11819148_2.pdf;11819148_3.pdf;11819148_4.pdf,11819148_1.txt;11819148_2.txt;11819148_3.txt;11819148_4.txt,11819148.txt,
11819150,1,11819150.pdf,11819150.txt,11819150.txt,
11819154,1,11819154.pdf,11819154.txt,11819154.txt,
11819156,1,11819156.pdf,11819156.txt,11819156.txt,
11819165,1,11819165.pdf,11819165.txt,11819165.txt,
11819167,1,11819167.pdf,11819167.txt,11819167.txt,
11819175,1,11819175.pdf,11819175.txt,11819175.txt,
11819179,1,11819179.pdf,11819179.txt,11819179.txt,
11819184,1,11819184.pdf,11819184.txt,11819184.txt,
11819188,4,11819188_1.pdf;11819188_2.pdf;11819188_3.pdf;11819188_4.pdf,11819188_1.txt;11819188_2.txt;11819188_3.txt;11819188_4.txt,11819188.txt,
11819189,1,11819189.pdf,11819189.txt,11819189.txt,
11819191,1,11819191.pdf,11819191.txt,11819191.txt,
11819193,1,11819193.pdf,11819193.txt,11819193.txt,
11819199,3,11819199_1.pdf;11819199_2.pdf;11819199_3.pdf,11819199_1.txt;11819199_2.txt;11819199_3.txt,11819199.txt,
11819204,1,11819204.pdf,11819204.txt,11819204.txt,
11819214,1,11819214.pdf,11819214.txt,11819214.txt,
11819216,1,11819216.pdf,11819216.txt,11819216.txt,
11819220,1,11819220.pdf,11819220.txt,11819220.txt,
11819222,4,11819222_1.pdf;11819222_2.pdf;11819222_3.pdf;11819222_4.pdf,11819222_1.txt;11819222_2.txt;11819222_3.txt;11819222_4.txt,11819222.txt,
11819224,1,11819224.pdf,11819224.txt,11819224.txt,
11819227,1,11819227.pdf,11819227.txt,11819227.txt,
11819229,1,11819229.pdf,11819229.txt,11819229.txt,
11819231,1,11819231.pdf,11819231.txt,11819231.txt,
11819233,1,11819233.pdf,11819233.txt,11819233.txt,
11819235,1,11819235.pdf,11819235.txt,11819235.txt,
11819237,1,11819237.pdf,11819237.txt,11819237.txt,
11819245,1,11819245.pdf,11819245.txt,11819245.txt,
11819247,1,11819247.pdf,11819247.txt,11819247.txt,
11819249,1,11819249.pdf,11819249.txt,11819249.txt,
11819251,1,11819251.pdf,11819251.txt,11819251.txt,
11819253,1,11819253.pdf,11819253.txt,11819253.txt,
11819255,1,11819255.pdf,11819255.txt,11819255.txt,
11819257,1,11819257.pdf,11819257.txt,11819257.txt,
11819259,1,11819259.pdf,11819259.txt,11819259.txt,
11819261,1,11819261.pdf,11819261.txt,11819261.txt,
11819263,1,11819263.pdf,11819263.txt,11819263.txt,
11819265,1,11819265.pdf,11819265.txt,11819265.txt,
11819267,1,11819267.pdf,11819267.txt,11819267.txt,
11819269,1,11819269.pdf,11819269.txt,11819269.txt,
11819271,1,11819271.pdf,11819271.txt,11819271.txt,
11819273,1,11819273.pdf,11819273.txt,11819273.txt,
11819275,1,11819275.pdf,11819275.txt,11819275.txt,
11819277,1,11819277.pdf,11819277.txt,11819277.txt,
11819279,1,11819279.pdf,11819279.txt,11819279.txt,
11819281,1,11819281.pdf,11819281.txt,11819281.txt,
11819283,1,11819283.pdf,11819283.txt,11819283.txt,
11819285,1,11819285.pdf,11819285.txt,11819285.txt,
11819287,4,11819287_1.pdf;11819287_2.pdf;11819287_3.pdf;11819287_4.pdf,11819287_1.txt;11819287_2.txt;11819287_3.txt;11819287_4.txt,11819287.txt,
11819288,6,11819288_1.pdf;11819288_2.pdf;11819288_3.pdf;11819288_4.pdf;11819288_5.pdf;11819288_6.pdf,11819288_1.txt;11819288_2.txt;11819288_3.txt;11819288_4.txt;11819288_5.txt;11819288_6.txt,11819288.txt,
11819294,2,11819294_1.pdf;11819294_2.pdf,11819294_1.txt;11819294_2.txt,11819294.txt,
11819297,1,11819297.pdf,11819297.txt,11819297.txt,
11819299,2,11819299_1.pdf;11819299_2.pdf,11819299_1.txt;11819299_2.txt,11819299.txt,
11819302,1,11819302.pdf,11819302.txt,11819302.txt,
11819305,2,11819305_1.pdf;11819305_2.pdf,11819305_1.txt;11819305_2.txt,11819305.txt,
11819310,1,11819310.pdf,11819310.txt,11819310.txt,
11819313,4,11819313_1.pdf;11819313_2.pdf;11819313_3.pdf;11819313_4.pdf,11819313_1.txt;11819313_2.txt;11819313_3.txt;11819313_4.txt,11819313.txt,
11819318,1,11819318.pdf,11819318.txt,11819318.txt,
11819320,1,11819320.pdf,11819320.txt,11819320.txt,
11819322,4,11819322_1.pdf;11819322_2.pdf;11819322_3.pdf;11819322_4.pdf,11819322_1.txt;11819322_2.txt;11819322_3.txt;11819322_4.txt,11819322.txt,
11819327,1,11819327.pdf,11819327.txt,11819327.txt,
11819329,1,11819329.pdf,11819329.txt,11819329.txt,
11819331,1,11819331.pdf,11819331.txt,11819331.txt,
11819333,1,11819333.pdf,11819333.txt,11819333.txt,
11819335,1,11819335.pdf,11819335.txt,11819335.txt,
11819337,1,11819337.pdf,11819337.txt,11819337.txt,
11819339,1,11819339.pdf,11819339.txt,11819339.txt,
11819341,1,11819341.pdf,11819341.txt,11819341.txt,
11819343,1,11819343.pdf,11819343.txt,11819343.txt,
11819347,1,11819347.pdf,11819347.txt,11819347.txt,
11819349,1,11819349.pdf,11819349.txt,11819349.txt,
11819351,1,11819351.pdf,11819351.txt,11819351.txt,
11819353,1,11819353.pdf,11819353.txt,11819353.txt,
11819355,1,11819355.pdf,11819355.txt,11819355.txt,
11819356,1,11819356.pdf,11819356.txt,11819356.txt,
11819359,1,11819359.pdf,11819359.txt,11819359.txt,
11819361,1,11819361.pdf,11819361.txt,11819361.txt,
11819363,1,11819363.pdf,11819363.txt,11819363.txt,
11819365,1,11819365.pdf,11819365.txt,11819365.txt,
11819367,1,11819367.pdf,11819367.txt,11819367.txt,
11819369,1,11819369.pdf,11819369.txt,11819369.txt,
11819371,1,11819371.pdf,11819371.txt,11819371.txt,
11819373,1,11819373.pdf,11819373.txt,11819373.txt,
11819374,1,11819374.pdf,11819374.txt,11819374.txt,
11819377,1,11819377.pdf,11819377.txt,11819377.txt,
11819379,1,11819379.pdf,11819379.txt,11819379.txt,
11819381,1,11819381.pdf,11819381.txt,11819381.txt,
11819383,1,11819383.pdf,11819383.txt,11819383.txt,
11819385,1,11819385.pdf,11819385.txt,11819385.txt,
11819387,1,11819387.pdf,11819387.txt,11819387.txt,
11819389,1,11819389.pdf,11819389.txt,11819389.txt,
11819391,1,11819391.pdf,11819391.txt,11819391.txt,
11819393,1,11819393.pdf,11819393.txt,11819393.txt,
11819395,1,11819395.pdf,11819395.txt,11819395.txt,
11819397,1,11819397.pdf,11819397.txt,11819397.txt,
11819399,1,11819399.pdf,11819399.txt,11819399.txt,
11819401,2,11819401_1.pdf;11819401_2.pdf,11819401_1.txt;11819401_2.txt,11819401.txt,
11819403,1,11819403.pdf,11819403.txt,11819403.txt,
11819405,2,11819405_1.pdf;11819405_2.pdf,11819405_1.txt;11819405_2.txt,11819405.txt,
11819406,1,11819406.pdf,11819406.txt,11819406.txt,
11819408,1,11819408.pdf,11819408.txt,11819408.txt,
11819411,1,11819411.pdf,11819411.txt,11819411.txt,
11819413,1,11819413.pdf,11819413.txt,11819413.txt,
11819415,1,11819415.pdf,11819415.txt,11819415.txt,
11819417,1,11819417.pdf,11819417.txt,11819417.txt,
11819419,1,11819419.pdf,11819419.txt,11819419.txt,
11819421,1,11819421.pdf,11819421.txt,11819421.txt,
11819422,1,11819422.pdf,11819422.txt,11819422.txt,
11819425,1,11819425.pdf,11819425.txt,11819425.txt,
11819427,1,11819427.pdf,11819427.txt,11819427.txt,
11819429,1,11819429.pdf,11819429.txt,11819429.txt,
11819431,1,11819431.pdf,11819431.txt,11819431.txt,
11819433,2,11819433_1.pdf;11819433_2.pdf,11819433_1.txt;11819433_2.txt,11819433.txt,
11819434,1,11819434.pdf,11819434.txt,11819434.txt,
11819436,1,11819436.pdf,11819436.txt,11819436.txt,
11819437,1,11819437.pdf,11819437.txt,11819437.txt,
11819439,1,11819439.pdf,11819439.txt,11819439.txt,
11819441,1,11819441.pdf,11819441.txt,11819441.txt,
11819442,1,11819442.pdf,11819442.txt,11819442.txt,
11819446,1,11819446.pdf,11819446.txt,11819446.txt,
11819448,1,11819448.pdf,11819448.txt,11819448.txt,
11819449,1,11819449.pdf,11819449.txt,11819449.txt,
11819453,1,11819453.pdf,11819453.txt,11819453.txt,
11819455,1,11819455.pdf,11819455.txt,11819455.txt,
11819457,1,11819457.pdf,11819457.txt,11819457.txt,
11819459,1,11819459.pdf,11819459.txt,11819459.txt,
11819461,2,11819461_1.pdf;11819461_2.pdf,11819461_1.txt;11819461_2.txt,11819461.txt,
11819464,2,11819464_1.pdf;11819464_2.pdf,11819464_1.txt;11819464_2.txt,11819464.txt,
11819467,2,11819467_1.pdf;11819467_2.pdf,11819467_1.txt;11819467_2.txt,11819467.txt,
11819470,2,11819470_1.pdf;11819470_2.pdf,11819470_1.txt;11819470_2.txt,11819470.txt,
11819473,2,11819473_1.pdf;11819473_2.pdf,11819473_1.txt;11819473_2.txt,11819473.txt,
11819476,2,11819476_1.pdf;11819476_2.pdf,11819476_1.txt;11819476_2.txt,11819476.txt,
11819479,2,11819479_1.pdf;11819479_2.pdf,11819479_1.txt;11819479_2.txt,11819479.txt,
11819485,1,11819485.pdf,11819485.txt,11819485.txt,
11819487,1,11819487.pdf,11819487.txt,11819487.txt,
11819489,2,11819489_1.pdf;11819489_2.pdf,11819489_1.txt;11819489_2.txt,11819489.txt,
11819491,2,11819491_1.pdf;11819491_2.pdf,11819491_1.txt;11819491_2.txt,11819491.txt,
11819493,2,11819493_1.pdf;11819493_2.pdf,11819493_1.txt;11819493_2.txt,11819493.txt,
11819495,1,11819495.pdf,11819495.txt,11819495.txt,
11819497,1,11819497.pdf,11819497.txt,11819497.txt,
11819499,1,11819499.pdf,11819499.txt,11819499.txt,
11819501,1,11819501.pdf,11819501.txt,11819501.txt,
11819503,1,11819503.pdf,11819503.txt,11819503.txt,
11819505,1,11819505.pdf,11819505.txt,11819505.txt,
11819507,1,11819507.pdf,11819507.txt,11819507.txt,
11819509,1,11819509.pdf,11819509.txt,11819509.txt,
11819511,1,11819511.pdf,11819511.txt,11819511.txt,
11819513,1,11819513.pdf,11819513.txt,11819513.txt,
11819515,1,11819515.pdf,11819515.txt,11819515.txt,
11819517,1,11819517.pdf,11819517.txt,11819517.txt,
11819519,1,11819519.pdf,11819519.txt,11819519.txt,
11819521,1,11819521.pdf,11819521.txt,11819521.txt,
11819523,1,11819523.pdf,11819523.txt,11819523.txt,
11819525,1,11819525.pdf,11819525.txt,11819525.txt,
11819527,1,11819527.pdf,11819527.txt,11819527.txt,
11819529,1,11819529.pdf,11819529.txt,11819529.txt,
11819531,1,11819531.pdf,11819531.txt,11819531.txt,
11819533,2,11819533_1.pdf;11819533_2.pdf,11819533_1.txt;11819533_2.txt,11819533.txt,
11819535,1,11819535.pdf,11819535.txt,11819535.txt,
11819537,1,11819537.pdf,11819537.txt,11819537.txt,
11819538,1,11819538.pdf,11819538.txt,11819538.txt,
11819541,1,11819541.pdf,11819541.txt,11819541.txt,
11819543,1,11819543.pdf,11819543.txt,11819543.txt,
11819545,1,11819545.pdf,11819545.txt,11819545.txt,
11819547,1,11819547.pdf,11819547.txt,11819547.txt,
11819549,1,11819549.pdf,11819549.txt,11819549.txt,
11819551,1,11819551.pdf,11819551.txt,11819551.txt,
11819553,2,11819553_1.pdf;11819553_2.pdf,11819553_1.txt;11819553_2.txt,11819553.txt,
11819555,1,11819555.pdf,11819555.txt,11819555.txt,
11819557,1,11819557.pdf,11819557.txt,11819557.txt,
11819559,1,11819559.pdf,11819559.txt,11819559.txt,
11819560,1,11819560.pdf,11819560.txt,11819560.txt,
11819563,1,11819563.pdf,11819563.txt,11819563.txt,
11819565,1,11819565.pdf,11819565.txt,11819565.txt,
11819567,1,11819567.pdf,11819567.txt,11819567.txt,
11819569,1,11819569.pdf,11819569.txt,11819569.txt,
11819571,1,11819571.pdf,11819571.txt,11819571.txt,
11819575,1,11819575.pdf,11819575.txt,11819575.txt,
11819577,1,11819577.pdf,11819577.txt,11819577.txt,
11819579,1,11819579.pdf,11819579.txt,11819579.txt,
11819581,1,11819581.pdf,11819581.txt,11819581.txt,
11819583,1,11819583.pdf,11819583.txt,11819583.txt,
11819585,1,11819585.pdf,11819585.txt,11819585.txt,
11819587,1,11819587.pdf,11819587.txt,11819587.txt,
11819590,2,11819590_1.pdf;11819590_2.pdf,11819590_1.txt;11819590_2.txt,11819590.txt,
11819597,2,11819597_1.pdf;11819597_2.pdf,11819597_1.txt;11819597_2.txt,11819597.txt,
11819599,1,11819599.pdf,11819599.txt,11819599.txt,
11819601,1,11819601.pdf,11819601.txt,11819601.txt,
11819603,2,11819603_1.pdf;11819603_2.pdf,11819603_1.txt;11819603_2.txt,11819603.txt,
11819605,1,11819605.pdf,11819605.txt,11819605.txt,
11819607,1,11819607.pdf,11819607.txt,11819607.txt,
11819609,1,11819609.pdf,11819609.txt,11819609.txt,
11819611,1,11819611.pdf,11819611.txt,11819611.txt,
11819613,1,11819613.pdf,11819613.txt,11819613.txt,
11819615,1,11819615.pdf,11819615.txt,11819615.txt,
11819617,1,11819617.pdf,11819617.txt,11819617.txt,
11819621,1,11819621.pdf,11819621.txt,11819621.txt,
11819623,1,11819623.pdf,11819623.txt,11819623.txt,
11819625,1,11819625.pdf,11819625.txt,11819625.txt,
11819627,1,11819627.pdf,11819627.txt,11819627.txt,
6863623,2,6863623_1.pdf;6863623_2.pdf,6863623_1.txt;6863623_2.txt,6863623.txt,
